Year,Period,Area,Ownership,Industry Code,Industry,Level,Establishments,Firms,Average Employment,Average Weekly Wage,Total Wages,Month 1 Employment,Month 2 Employment,Month 3 Employment,Hierarchical Ordering
2001,01,Jefferson,Total All,23,Construction,2,440,430,"15,035",587,"114,754,445","14,557","15,247","15,300",193
2001,01,Harris,Total All,23,Construction,2,"6,270","5,868","145,666",788,"1,491,278,745","142,499","146,466","148,032",193
2001,01,Orange,Total All,23,Construction,2,140,137,"2,184",645,"18,326,610","2,241","2,138","2,174",193
2001,01,Hardin,Total All,23,Construction,2,100,99,"2,581",540,"18,107,304","2,072","2,794","2,877",193
2001,02,Orange,Total All,23,Construction,2,142,139,"2,020",652,"17,129,792","2,040","1,966","2,053",193
2001,02,Jefferson,Total All,23,Construction,2,439,427,"12,808",561,"93,425,743","13,297","12,658","12,468",193
2001,02,Hardin,Total All,23,Construction,2,105,100,"1,717",619,"13,808,579","1,724","1,726","1,700",193
2001,02,Harris,Total All,23,Construction,2,"6,338","5,897","150,689",771,"1,510,435,872","151,315","151,359","149,392",193
2001,03,Harris,Total All,23,Construction,2,"6,374","5,935","148,013",774,"1,488,860,810","147,213","148,463","148,363",193
2001,03,Hardin,Total All,23,Construction,2,107,102,"1,717",639,"14,264,929","1,646","1,687","1,817",193
2001,03,Orange,Total All,23,Construction,2,142,139,"1,977",647,"16,628,815","1,984","1,969","1,977",193
2001,03,Jefferson,Total All,23,Construction,2,440,428,"12,430",657,"106,212,009","12,403","12,593","12,294",193
2001,04,Hardin,Total All,23,Construction,2,103,99,"1,679",625,"13,648,810","1,859","1,622","1,556",193
2001,04,Harris,Total All,23,Construction,2,"6,328","5,908","147,091",874,"1,672,006,578","147,967","148,006","145,301",193
2001,04,Jefferson,Total All,23,Construction,2,439,427,"12,032",717,"112,172,314","11,789","12,066","12,242",193
2001,04,Orange,Total All,23,Construction,2,143,140,"1,916",663,"16,521,088","2,026","1,908","1,815",193
2002,01,Harris,Total All,23,Construction,2,"6,444","6,035","148,324",804,"1,550,642,335","145,790","148,755","150,426",193
2002,01,Hardin,Total All,23,Construction,2,97,96,"1,457",646,"12,241,017","1,473","1,414","1,485",193
2002,01,Orange,Total All,23,Construction,2,144,143,"1,721",692,"15,487,515","1,667","1,763","1,732",193
2002,01,Jefferson,Total All,23,Construction,2,442,430,"13,030",665,"112,659,922","12,725","13,060","13,305",193
2002,02,Jefferson,Total All,23,Construction,2,445,433,"12,185",663,"104,964,673","12,613","12,202","11,741",193
2002,02,Harris,Total All,23,Construction,2,"6,473","6,034","149,726",785,"1,528,605,153","149,062","150,262","149,854",193
2002,02,Orange,Total All,23,Construction,2,145,144,"1,815",733,"17,296,183","1,778","1,831","1,837",193
2002,02,Hardin,Total All,23,Construction,2,99,96,"1,499",645,"12,566,716","1,510","1,480","1,508",193
2002,03,Hardin,Total All,23,Construction,2,97,94,"1,719",633,"14,147,995","1,605","1,772","1,780",193
2002,03,Jefferson,Total All,23,Construction,2,445,435,"11,430",658,"97,798,838","11,269","11,459","11,562",193
2002,03,Orange,Total All,23,Construction,2,142,141,"1,860",651,"15,747,978","1,833","1,879","1,867",193
2002,03,Harris,Total All,23,Construction,2,"6,500","6,042","148,982",780,"1,510,346,818","148,086","149,461","149,400",193
2002,04,Hardin,Total All,23,Construction,2,95,93,"1,526",649,"12,869,677","1,607","1,479","1,491",193
2002,04,Orange,Total All,23,Construction,2,140,139,"1,966",690,"17,636,210","1,898","1,975","2,025",193
2002,04,Jefferson,Total All,23,Construction,2,445,435,"11,573",705,"106,087,330","11,592","11,571","11,557",193
2002,04,Harris,Total All,23,Construction,2,"6,498","6,047","148,119",883,"1,700,359,726","150,283","148,031","146,043",193
2003,01,Orange,Total All,23,Construction,2,143,142,"1,946",629,"15,925,089","1,938","1,944","1,957",193
2003,01,Jefferson,Total All,23,Construction,2,443,427,"11,615",694,"104,797,621","11,512","11,651","11,683",193
2003,01,Hardin,Total All,23,Construction,2,101,99,"1,479",638,"12,266,330","1,510","1,515","1,411",193
2003,01,Harris,Total All,23,Construction,2,"6,434","6,002","146,445",799,"1,521,975,003","145,658","146,723","146,954",193
2003,02,Hardin,Total All,23,Construction,2,98,96,"1,601",668,"13,895,633","1,508","1,652","1,644",193
2003,02,Orange,Total All,23,Construction,2,151,149,"2,165",706,"19,879,508","2,035","2,152","2,308",193
2003,02,Jefferson,Total All,23,Construction,2,438,422,"11,942",699,"108,564,091","11,915","12,411","11,501",193
2003,02,Harris,Total All,23,Construction,2,"6,438","5,997","146,402",786,"1,495,778,436","145,722","147,111","146,373",193
2003,03,Jefferson,Total All,23,Construction,2,439,423,"12,214",723,"114,721,130","11,761","12,354","12,526",193
2003,03,Hardin,Total All,23,Construction,2,102,100,"1,611",652,"13,660,336","1,706","1,621","1,507",193
2003,03,Orange,Total All,23,Construction,2,148,146,"2,088",592,"16,053,277","2,196","2,095","1,972",193
2003,03,Harris,Total All,23,Construction,2,"6,471","6,043","143,866",788,"1,474,320,553","143,181","143,719","144,699",193
2003,04,Orange,Total All,23,Construction,2,143,141,"1,878",559,"13,638,511","1,871","1,872","1,891",193
2003,04,Harris,Total All,23,Construction,2,"6,363","5,952","141,193",912,"1,673,372,269","144,314","139,913","139,353",193
2003,04,Hardin,Total All,23,Construction,2,99,97,"1,497",700,"13,616,451","1,512","1,497","1,481",193
2003,04,Jefferson,Total All,23,Construction,2,426,414,"11,925",782,"121,195,029","12,254","11,833","11,688",193
2004,01,Hardin,Total All,23,Construction,2,97,95,"1,575",619,"12,664,798","1,570","1,465","1,689",193
2004,01,Jefferson,Total All,23,Construction,2,432,424,"11,612",732,"110,441,198","11,610","11,616","11,610",193
2004,01,Orange,Total All,23,Construction,2,139,138,"1,773",549,"12,657,826","1,742","1,717","1,860",193
2004,01,Harris,Total All,23,Construction,2,"6,445","6,028","138,217",826,"1,484,466,818","137,864","138,220","138,567",193
2004,02,Harris,Total All,23,Construction,2,"6,395","5,989","136,841",826,"1,469,933,435","138,254","136,068","136,201",193
2004,02,Hardin,Total All,23,Construction,2,95,93,"1,672",652,"14,172,525","1,744","1,675","1,598",193
2004,02,Orange,Total All,23,Construction,2,132,131,"1,703",593,"13,128,341","1,651","1,681","1,776",193
2004,02,Jefferson,Total All,23,Construction,2,425,418,"10,129",682,"89,822,742","10,198","10,061","10,127",193
2004,03,Jefferson,Total All,23,Construction,2,419,412,"10,024",727,"94,680,054","10,035","10,068","9,968",193
2004,03,Harris,Total All,23,Construction,2,"6,408","5,988","134,514",836,"1,461,226,927","134,333","134,624","134,585",193
2004,03,Hardin,Total All,23,Construction,2,96,94,"1,500",705,"13,745,517","1,467","1,489","1,545",193
2004,03,Orange,Total All,23,Construction,2,134,133,"1,745",595,"13,504,439","1,754","1,725","1,756",193
2004,04,Jefferson,Total All,23,Construction,2,423,416,"9,986",782,"101,515,927","10,008","9,942","10,008",193
2004,04,Harris,Total All,23,Construction,2,"6,382","5,970","136,885",929,"1,653,869,490","136,926","136,590","137,139",193
2004,04,Orange,Total All,23,Construction,2,133,132,"1,819",632,"14,943,327","1,759","1,823","1,874",193
2004,04,Hardin,Total All,23,Construction,2,99,97,"1,455",710,"13,420,876","1,506","1,417","1,441",193
2005,01,Jefferson,Total All,23,Construction,2,419,411,"10,474",753,"102,489,254","10,142","10,529","10,752",193
2005,01,Hardin,Total All,23,Construction,2,99,98,"1,449",700,"13,190,097","1,467","1,443","1,437",193
2005,01,Orange,Total All,23,Construction,2,131,130,"1,397",565,"10,266,807","1,386","1,388","1,417",193
2005,01,Harris,Total All,23,Construction,2,"6,302","5,876","134,456",832,"1,453,665,734","133,182","134,058","136,129",193
2005,02,Hardin,Total All,23,Construction,2,95,94,"1,538",706,"14,113,509","1,429","1,530","1,655",193
2005,02,Orange,Total All,23,Construction,2,133,132,"1,490",597,"11,570,391","1,481","1,447","1,541",193
2005,02,Jefferson,Total All,23,Construction,2,414,406,"10,645",737,"101,998,891","10,644","10,645","10,647",193
2005,02,Harris,Total All,23,Construction,2,"6,264","5,836","135,943",843,"1,490,361,482","137,133","135,439","135,258",193
2005,03,Harris,Total All,23,Construction,2,"6,354","5,928","136,399",858,"1,521,871,322","135,161","136,413","137,623",193
2005,03,Orange,Total All,23,Construction,2,136,135,"1,421",577,"10,650,454","1,427","1,399","1,437",193
2005,03,Hardin,Total All,23,Construction,2,95,94,"1,683",738,"16,133,845","1,640","1,684","1,724",193
2005,03,Jefferson,Total All,23,Construction,2,418,410,"11,037",737,"105,796,054","10,871","10,951","11,290",193
2005,04,Jefferson,Total All,23,Construction,2,422,414,"12,445",866,"140,074,476","12,060","12,550","12,725",193
2005,04,Hardin,Total All,23,Construction,2,97,96,"1,756",911,"20,794,705","1,724","1,788","1,757",193
2005,04,Orange,Total All,23,Construction,2,134,133,"1,372",700,"12,476,871","1,439","1,305","1,372",193
2005,04,Harris,Total All,23,Construction,2,"6,349","5,930","139,145",966,"1,746,504,141","138,168","138,956","140,310",193
2006,01,Harris,Total All,23,Construction,2,"6,373","5,960","142,220",939,"1,736,709,239","138,414","142,159","146,087",193
2006,01,Hardin,Total All,23,Construction,2,102,101,"1,706",783,"17,360,751","1,687","1,708","1,723",193
2006,01,Orange,Total All,23,Construction,2,133,130,"1,418",646,"11,909,374","1,380","1,458","1,417",193
2006,01,Jefferson,Total All,23,Construction,2,426,418,"12,646",839,"137,936,806","12,343","12,705","12,891",193
2006,02,Hardin,Total All,23,Construction,2,108,107,"1,872",814,"19,815,614","1,837","1,809","1,971",193
2006,02,Orange,Total All,23,Construction,2,131,128,"1,728",696,"15,638,318","1,645","1,792","1,748",193
2006,02,Jefferson,Total All,23,Construction,2,429,420,"11,996",853,"133,063,131","12,000","12,203","11,784",193
2006,02,Harris,Total All,23,Construction,2,"6,362","5,942","144,339",906,"1,699,866,729","142,516","144,228","146,273",193
2006,03,Hardin,Total All,23,Construction,2,106,105,"1,944",844,"21,329,290","1,784","1,965","2,082",193
2006,03,Jefferson,Total All,23,Construction,2,426,417,"12,041",925,"144,787,331","11,870","12,057","12,196",193
2006,03,Orange,Total All,23,Construction,2,134,131,"1,564",794,"16,137,589","1,601","1,569","1,522",193
2006,03,Harris,Total All,23,Construction,2,"6,379","5,935","145,947",906,"1,719,648,895","145,008","145,521","147,313",193
2006,04,Jefferson,Total All,23,Construction,2,421,411,"12,178","1,008","159,517,468","12,054","12,270","12,210",193
2006,04,Hardin,Total All,23,Construction,2,107,106,"1,913",978,"24,325,501","2,066","1,987","1,686",193
2006,04,Orange,Total All,23,Construction,2,136,133,"1,451",763,"14,395,239","1,466","1,429","1,459",193
2006,04,Harris,Total All,23,Construction,2,"6,416","5,955","148,736","1,085","2,097,497,867","148,404","148,948","148,857",193
2007,01,Orange,Total All,23,Construction,2,139,136,"1,416",739,"13,608,099","1,354","1,447","1,446",193
2007,01,Hardin,Total All,23,Construction,2,110,110,"1,446",857,"16,100,908","1,483","1,396","1,459",193
2007,01,Jefferson,Total All,23,Construction,2,448,437,"13,355",844,"146,464,354","12,864","13,308","13,894",193
2007,01,Harris,Total All,23,Construction,2,"6,762","6,303","150,710",999,"1,956,886,259","147,419","151,318","153,392",193
2007,02,Hardin,Total All,23,Construction,2,110,110,"1,642",814,"17,376,226","1,627","1,617","1,681",193
2007,02,Orange,Total All,23,Construction,2,138,135,"1,475",755,"14,478,825","1,455","1,496","1,474",193
2007,02,Harris,Total All,23,Construction,2,"6,826","6,338","155,139",973,"1,962,705,705","152,719","155,083","157,615",193
2007,02,Jefferson,Total All,23,Construction,2,456,443,"13,897",888,"160,375,376","13,831","13,984","13,875",193
2007,03,Hardin,Total All,23,Construction,2,106,106,"1,366",880,"15,629,272","1,376","1,408","1,313",193
2007,03,Orange,Total All,23,Construction,2,136,132,"1,445",743,"13,957,005","1,447","1,436","1,452",193
2007,03,Jefferson,Total All,23,Construction,2,452,438,"13,876",927,"167,156,071","13,824","13,640","14,163",193
2007,03,Harris,Total All,23,Construction,2,"6,918","6,414","155,807",959,"1,943,110,943","155,852","155,727","155,842",193
2007,04,Jefferson,Total All,23,Construction,2,453,440,"13,841","1,016","182,758,142","14,162","13,733","13,629",193
2007,04,Orange,Total All,23,Construction,2,135,131,"1,496",828,"16,104,326","1,415","1,463","1,611",193
2007,04,Harris,Total All,23,Construction,2,"6,974","6,471","159,974","1,120","2,329,213,041","159,736","160,093","160,094",193
2007,04,Hardin,Total All,23,Construction,2,105,105,"1,341",997,"17,389,417","1,365","1,370","1,289",193
2008,01,Harris,Total All,23,Construction,2,"6,741","6,231","161,487","1,043","2,190,173,252","158,706","162,611","163,143",193
2008,01,Orange,Total All,23,Construction,2,130,125,"1,692",755,"16,619,014","1,617","1,683","1,777",193
2008,01,Hardin,Total All,23,Construction,2,99,99,"1,318",964,"16,515,546","1,304","1,295","1,354",193
2008,01,Jefferson,Total All,23,Construction,2,442,428,"14,473","1,016","191,240,947","13,734","14,731","14,955",193
2008,02,Jefferson,Total All,23,Construction,2,445,433,"14,925","1,044","202,606,472","14,777","15,029","14,968",193
2008,02,Harris,Total All,23,Construction,2,"6,755","6,230","164,306","1,045","2,232,773,508","164,122","164,742","164,054",193
2008,02,Hardin,Total All,23,Construction,2,96,96,"1,329","1,003","17,329,697","1,305","1,343","1,338",193
2008,02,Orange,Total All,23,Construction,2,126,122,"1,693",833,"18,334,302","1,720","1,687","1,672",193
2008,03,Hardin,Total All,23,Construction,2,97,97,"1,267",927,"15,264,580","1,329","1,241","1,231",193
2008,03,Harris,Total All,23,Construction,2,"6,745","6,235","162,672","1,002","2,119,468,514","162,846","163,919","161,250",193
2008,03,Orange,Total All,23,Construction,2,124,120,"1,750",757,"17,221,935","1,652","1,704","1,893",193
2008,03,Jefferson,Total All,23,Construction,2,449,436,"16,410","1,047","223,293,391","15,868","16,548","16,815",193
2008,04,Hardin,Total All,23,Construction,2,99,99,"1,490","1,311","25,379,973","1,448","1,486","1,535",193
2008,04,Orange,Total All,23,Construction,2,130,126,"1,959",874,"22,245,332","2,305","1,776","1,795",193
2008,04,Jefferson,Total All,23,Construction,2,464,450,"18,186","1,188","280,924,171","18,047","18,406","18,105",193
2008,04,Harris,Total All,23,Construction,2,"6,770","6,275","163,890","1,207","2,571,386,597","165,735","164,727","161,208",193
2009,01,Jefferson,Total All,23,Construction,2,451,438,"16,289","1,023","216,696,483","17,025","16,197","15,646",193
2009,01,Hardin,Total All,23,Construction,2,100,100,"1,332",941,"16,292,773","1,411","1,322","1,263",193
2009,01,Harris,Total All,23,Construction,2,"6,752","6,252","155,569","1,045","2,113,029,537","157,207","156,147","153,353",193
2009,01,Orange,Total All,23,Construction,2,133,129,"1,596",759,"15,741,949","1,655","1,608","1,524",193
2009,02,Harris,Total All,23,Construction,2,"6,761","6,266","149,495","1,052","2,045,408,972","150,177","150,117","148,191",193
2009,02,Jefferson,Total All,23,Construction,2,458,445,"13,798","1,052","188,783,418","14,179","13,592","13,623",193
2009,02,Orange,Total All,23,Construction,2,133,129,"1,493",780,"15,137,950","1,424","1,506","1,550",193
2009,02,Hardin,Total All,23,Construction,2,103,103,"1,260",948,"15,535,702","1,255","1,282","1,243",193
2009,03,Hardin,Total All,23,Construction,2,102,102,"1,053",852,"11,658,655","1,148","1,013",997,193
2009,03,Jefferson,Total All,23,Construction,2,452,440,"13,890","1,064","192,071,262","13,693","13,879","14,098",193
2009,03,Orange,Total All,23,Construction,2,131,128,"1,462",803,"15,266,410","1,449","1,480","1,456",193
2009,03,Harris,Total All,23,Construction,2,"6,750","6,279","144,352","1,027","1,926,966,832","145,435","144,581","143,041",193
2009,04,Jefferson,Total All,23,Construction,2,456,444,"14,832","1,115","214,900,821","14,766","14,864","14,865",193
2009,04,Harris,Total All,23,Construction,2,"6,675","6,206","140,420","1,217","2,221,832,001","142,686","139,849","138,724",193
2009,04,Hardin,Total All,23,Construction,2,102,102,994,975,"12,598,689","1,014",999,970,193
2009,04,Orange,Total All,23,Construction,2,133,130,"1,435",948,"17,698,262","1,445","1,438","1,423",193
2010,01,Hardin,Total All,23,Construction,2,106,106,938,835,"10,173,353",941,918,954,193
2010,01,Jefferson,Total All,23,Construction,2,450,436,"15,322",990,"197,126,781","15,227","15,278","15,460",193
2010,01,Harris,Total All,23,Construction,2,"6,586","6,140","137,432","1,031","1,841,242,889","137,878","136,861","137,558",193
2010,01,Orange,Total All,23,Construction,2,141,135,"1,368",784,"13,933,364","1,391","1,354","1,358",193
2010,02,Jefferson,Total All,23,Construction,2,448,435,"15,150","1,019","200,713,115","15,115","15,081","15,255",193
2010,02,Hardin,Total All,23,Construction,2,103,103,"1,027",897,"11,976,701","1,033","1,020","1,029",193
2010,02,Orange,Total All,23,Construction,2,136,129,"1,316",796,"13,608,228","1,258","1,358","1,331",193
2010,02,Harris,Total All,23,Construction,2,"6,570","6,135","136,174","1,049","1,857,237,692","136,484","135,952","136,085",193
2010,03,Orange,Total All,23,Construction,2,131,126,"1,380",860,"15,431,317","1,347","1,370","1,424",193
2010,03,Harris,Total All,23,Construction,2,"6,540","6,118","137,405","1,033","1,845,158,016","137,263","137,532","137,419",193
2010,03,Jefferson,Total All,23,Construction,2,450,438,"16,307","1,092","231,497,781","16,239","16,169","16,513",193
2010,03,Hardin,Total All,23,Construction,2,101,101,"1,084","1,125","15,858,071","1,094","1,099","1,060",193
2010,04,Orange,Total All,23,Construction,2,131,127,"1,316","1,040","17,791,211","1,391","1,261","1,296",193
2010,04,Hardin,Total All,23,Construction,2,102,102,"1,103","1,108","15,891,512","1,141","1,095","1,073",193
2010,04,Harris,Total All,23,Construction,2,"6,581","6,148","135,613","1,196","2,108,678,168","137,648","135,191","134,000",193
2010,04,Jefferson,Total All,23,Construction,2,453,441,"17,063","1,142","253,220,507","17,326","17,010","16,854",193
2011,01,Orange,Total All,23,Construction,2,128,125,"1,522",907,"17,954,532","1,481","1,534","1,551",193
2011,01,Jefferson,Total All,23,Construction,2,452,441,"16,349","1,034","219,700,094","16,014","16,291","16,742",193
2011,01,Hardin,Total All,23,Construction,2,104,104,"1,204","1,191","18,639,521","1,130","1,211","1,271",193
2011,01,Harris,Total All,23,Construction,2,"6,567","6,141","133,894","1,086","1,889,477,989","131,893","134,564","135,224",193
2011,02,Hardin,Total All,23,Construction,2,102,102,"1,086",972,"13,724,503","1,158","1,042","1,057",193
2011,02,Orange,Total All,23,Construction,2,125,122,"1,563",972,"19,763,228","1,565","1,561","1,564",193
2011,02,Jefferson,Total All,23,Construction,2,456,445,"16,167","1,076","226,224,624","15,669","16,311","16,522",193
2011,02,Harris,Total All,23,Construction,2,"6,529","6,105","135,033","1,085","1,904,202,394","134,792","134,416","135,891",193
2011,03,Hardin,Total All,23,Construction,2,102,102,"1,096","1,016","14,471,971","1,059","1,063","1,165",193
2011,03,Harris,Total All,23,Construction,2,"6,513","6,101","137,678","1,129","2,020,203,718","136,883","137,661","138,491",193
2011,03,Orange,Total All,23,Construction,2,125,122,"1,743",938,"21,256,475","1,738","1,737","1,755",193
2011,03,Jefferson,Total All,23,Construction,2,460,449,"17,305","1,163","261,528,285","16,996","17,419","17,501",193
2011,04,Hardin,Total All,23,Construction,2,98,98,"1,119","1,127","16,401,610","1,155","1,092","1,111",193
2011,04,Jefferson,Total All,23,Construction,2,454,442,"17,598","1,212","277,161,618","17,609","17,780","17,405",193
2011,04,Orange,Total All,23,Construction,2,121,118,"1,762",983,"22,525,746","1,790","1,749","1,748",193
2011,04,Harris,Total All,23,Construction,2,"6,527","6,113","139,076","1,225","2,214,229,260","139,650","139,296","138,283",193
2012,01,Jefferson,Total All,23,Construction,2,465,447,"17,194","1,207","269,694,486","17,559","17,144","16,878",193
2012,01,Harris,Total All,23,Construction,2,"6,519","6,128","139,827","1,193","2,168,796,962","137,253","140,033","142,196",193
2012,01,Orange,Total All,23,Construction,2,121,115,"1,796",912,"21,291,820","1,712","1,811","1,865",193
2012,01,Hardin,Total All,23,Construction,2,99,99,"1,251","1,166","18,968,575","1,135","1,259","1,359",193
2012,02,Orange,Total All,23,Construction,2,120,114,"1,819",992,"23,459,048","1,884","1,808","1,765",193
2012,02,Harris,Total All,23,Construction,2,"6,505","6,114","142,851","1,135","2,108,591,163","141,582","143,286","143,685",193
2012,02,Hardin,Total All,23,Construction,2,101,100,"1,220","1,091","17,298,397","1,350","1,216","1,093",193
2012,02,Jefferson,Total All,23,Construction,2,458,440,"16,623","1,145","247,520,591","16,858","16,853","16,157",193
2012,03,Harris,Total All,23,Construction,2,"6,496","6,116","144,338","1,134","2,127,762,769","141,883","145,311","145,820",193
2012,03,Hardin,Total All,23,Construction,2,98,97,"1,066",998,"13,821,544","1,066","1,087","1,044",193
2012,03,Orange,Total All,23,Construction,2,122,116,"1,848",951,"22,853,372","1,864","1,840","1,841",193
2012,03,Jefferson,Total All,23,Construction,2,456,434,"15,265","1,186","235,401,139","15,216","15,455","15,123",193
2012,04,Jefferson,Total All,23,Construction,2,448,432,"14,871","1,236","239,009,831","15,253","14,795","14,565",193
2012,04,Harris,Total All,23,Construction,2,"6,518","6,137","147,661","1,324","2,541,474,228","149,659","147,530","145,794",193
2012,04,Hardin,Total All,23,Construction,2,98,98,"1,123","1,110","16,204,070","1,114","1,132","1,124",193
2012,04,Orange,Total All,23,Construction,2,124,118,"2,262",984,"28,943,147","2,276","2,278","2,233",193
2013,01,Hardin,Total All,23,Construction,2,95,95,"1,214","1,065","16,798,511","1,208","1,190","1,243",193
2013,01,Orange,Total All,23,Construction,2,126,120,"2,406",877,"27,435,471","2,405","2,406","2,407",193
2013,01,Harris,Total All,23,Construction,2,"6,524","6,170","147,355","1,250","2,394,422,037","143,701","149,160","149,204",193
2013,01,Jefferson,Total All,23,Construction,2,444,429,"13,195","1,154","197,869,474","12,841","13,382","13,361",193
2013,02,Orange,Total All,23,Construction,2,124,118,"1,933",928,"23,333,878","1,944","1,949","1,907",193
2013,02,Hardin,Total All,23,Construction,2,99,96,"1,552","1,204","24,305,925","1,430","1,614","1,613",193
2013,02,Harris,Total All,23,Construction,2,"6,590","6,244","149,785","1,201","2,338,380,460","149,520","149,649","150,186",193
2013,02,Jefferson,Total All,23,Construction,2,444,429,"12,926","1,160","194,980,365","13,123","12,908","12,746",193
2013,03,Harris,Total All,23,Construction,2,"6,640","6,301","148,324","1,179","2,273,839,564","147,823","148,956","148,194",193
2013,03,Orange,Total All,23,Construction,2,119,113,"1,945",916,"23,161,259","1,883","1,949","2,003",193
2013,03,Hardin,Total All,23,Construction,2,98,95,"1,514","1,071","21,086,112","1,434","1,480","1,629",193
2013,03,Jefferson,Total All,23,Construction,2,440,424,"12,225","1,144","181,854,980","12,089","12,154","12,432",193
2013,04,Orange,Total All,23,Construction,2,120,114,"1,907","1,074","26,619,152","1,956","1,906","1,860",193
2013,04,Hardin,Total All,23,Construction,2,99,96,"1,707","1,248","27,686,200","1,754","1,692","1,675",193
2013,04,Harris,Total All,23,Construction,2,"6,689","6,348","150,239","1,348","2,631,845,578","150,622","150,066","150,029",193
2013,04,Jefferson,Total All,23,Construction,2,440,423,"12,978","1,187","200,250,918","13,182","12,985","12,768",193
2014,01,Jefferson,Total All,23,Construction,2,437,420,"12,747","1,151","190,786,488","12,592","12,749","12,900",193
2014,01,Harris,Total All,23,Construction,2,"6,757","6,412","152,295","1,305","2,582,906,320","149,608","153,409","153,869",193
2014,01,Orange,Total All,23,Construction,2,128,124,"1,820",885,"20,946,751","1,655","1,814","1,992",193
2014,01,Hardin,Total All,23,Construction,2,100,97,"1,330","1,023","17,686,488","1,453","1,260","1,278",193
2014,02,Orange,Total All,23,Construction,2,133,129,"2,089","1,054","28,620,228","1,994","2,146","2,128",193
2014,02,Jefferson,Total All,23,Construction,2,431,413,"13,697","1,227","218,563,249","13,451","13,938","13,702",193
2014,02,Hardin,Total All,23,Construction,2,100,97,"1,439","1,113","20,823,870","1,350","1,462","1,504",193
2014,02,Harris,Total All,23,Construction,2,"6,805","6,458","158,113","1,264","2,597,296,224","156,813","159,374","158,153",193
2014,03,Orange,Total All,23,Construction,2,136,132,"2,275","1,063","31,448,774","2,231","2,203","2,392",193
2014,03,Harris,Total All,23,Construction,2,"6,842","6,492","160,445","1,251","2,609,264,280","158,209","160,703","162,424",193
2014,03,Hardin,Total All,23,Construction,2,99,96,"1,529","1,089","21,658,933","1,547","1,498","1,543",193
2014,03,Jefferson,Total All,23,Construction,2,428,410,"14,458","1,174","220,705,442","13,970","14,484","14,919",193
2014,04,Jefferson,Total All,23,Construction,2,435,415,"15,698","1,334","272,167,188","16,021","15,693","15,380",193
2014,04,Harris,Total All,23,Construction,2,"6,902","6,556","162,968","1,450","3,072,236,952","163,774","162,468","162,661",193
2014,04,Hardin,Total All,23,Construction,2,100,97,"1,535","1,269","25,323,516","1,585","1,556","1,464",193
2014,04,Orange,Total All,23,Construction,2,136,132,"2,462","1,305","41,769,103","2,354","2,464","2,569",193
2015,01,Hardin,Total All,23,Construction,2,100,97,"1,246","1,024","16,584,030","1,322","1,257","1,160",193
2015,01,Harris,Total All,23,Construction,2,"7,004","6,650","164,434","1,320","2,821,509,598","162,454","165,389","165,458",193
2015,01,Orange,Total All,23,Construction,2,135,131,"2,761","1,014","36,410,945","2,689","2,722","2,872",193
2015,01,Jefferson,Total All,23,Construction,2,433,416,"14,363","1,251","233,550,014","13,995","14,816","14,277",193
2015,02,Hardin,Total All,23,Construction,2,100,97,"1,352","1,140","20,047,742","1,188","1,370","1,499",193
2015,02,Orange,Total All,23,Construction,2,133,129,"2,643","1,139","39,122,789","2,699","2,671","2,559",193
2015,02,Jefferson,Total All,23,Construction,2,429,411,"14,206","1,272","234,991,744","13,808","14,454","14,356",193
2015,02,Harris,Total All,23,Construction,2,"7,045","6,690","165,458","1,262","2,713,804,806","163,704","165,817","166,852",193
2015,03,Harris,Total All,23,Construction,2,"7,106","6,750","167,908","1,295","2,826,498,133","166,966","168,251","168,507",193
2015,03,Hardin,Total All,23,Construction,2,102,100,"1,256","1,077","17,576,386","1,232","1,252","1,283",193
2015,03,Orange,Total All,23,Construction,2,129,125,"2,611","1,178","39,993,745","2,477","2,578","2,777",193
2015,03,Jefferson,Total All,23,Construction,2,427,409,"13,546","1,301","229,140,344","13,754","13,555","13,329",193
2015,04,Orange,Total All,23,Construction,2,128,125,"2,536","1,398","46,084,969","2,733","2,549","2,325",193
2015,04,Hardin,Total All,23,Construction,2,103,98,"1,205","1,302","20,387,668","1,223","1,180","1,211",193
2015,04,Jefferson,Total All,23,Construction,2,428,408,"13,257","1,423","245,231,262","13,232","13,005","13,535",193
2015,04,Harris,Total All,23,Construction,2,"7,158","6,788","169,035","1,518","3,335,323,174","171,444","168,589","167,072",193
2016,01,Hardin,Total All,23,Construction,2,102,98,"1,190","1,076","16,649,982","1,193","1,198","1,179",193
2016,01,Orange,Total All,23,Construction,2,131,127,"2,457","1,074","34,308,383","2,510","2,452","2,409",193
2016,01,Jefferson,Total All,23,Construction,2,427,407,"13,418","1,328","231,710,583","13,570","13,524","13,160",193
2016,01,Harris,Total All,23,Construction,2,"7,197","6,860","166,488","1,332","2,883,723,742","165,578","167,184","166,702",193
2016,02,Hardin,Total All,23,Construction,2,102,98,"1,214","1,106","17,455,004","1,227","1,198","1,217",193
2016,02,Harris,Total All,23,Construction,2,"7,234","6,879","166,256","1,294","2,796,868,282","167,730","166,484","164,555",193
2016,02,Orange,Total All,23,Construction,2,132,127,"2,421","1,204","37,880,114","2,364","2,416","2,483",193
2016,02,Jefferson,Total All,23,Construction,2,429,410,"13,774","1,349","241,555,511","13,827","13,529","13,966",193
2016,03,Hardin,Total All,23,Construction,2,101,98,"1,235","1,038","16,663,949","1,266","1,231","1,209",193
2016,03,Harris,Total All,23,Construction,2,"7,265","6,912","164,057","1,349","2,877,262,376","164,510","163,275","164,386",193
2016,03,Orange,Total All,23,Construction,2,132,128,"2,590","1,347","45,353,268","2,483","2,652","2,635",193
2016,03,Jefferson,Total All,23,Construction,2,429,409,"13,536","1,421","250,050,914","13,378","13,438","13,791",193
2016,04,Hardin,Total All,23,Construction,2,103,100,"1,174","1,411","21,526,030","1,165","1,162","1,194",193
2016,04,Orange,Total All,23,Construction,2,128,124,"2,655","1,307","45,091,500","2,699","2,645","2,620",193
2016,04,Jefferson,Total All,23,Construction,2,428,409,"13,068","1,431","243,045,944","13,792","12,918","12,493",193
2016,04,Harris,Total All,23,Construction,2,"7,265","6,916","162,471","1,465","3,094,906,804","165,114","162,729","159,571",193
2017,01,Orange,Total All,23,Construction,2,130,126,"2,563","1,143","38,088,513","2,670","2,595","2,423",193
2017,01,Hardin,Total All,23,Construction,2,102,98,"1,249","1,053","17,095,214","1,132","1,293","1,322",193
2017,01,Harris,Total All,23,Construction,2,"7,362","7,012","159,285","1,423","2,946,903,011","156,394","159,886","161,576",193
2017,01,Jefferson,Total All,23,Construction,2,433,417,"13,620","1,401","248,026,489","13,149","13,722","13,988",193
2017,02,Orange,Total All,23,Construction,2,128,124,"2,398","1,556","48,503,991","2,404","2,425","2,365",193
2017,02,Hardin,Total All,23,Construction,2,103,99,"1,299","1,060","17,892,951","1,281","1,260","1,356",193
2017,02,Jefferson,Total All,23,Construction,2,443,428,"14,211","1,402","258,935,194","13,897","14,365","14,371",193
2017,02,Harris,Total All,23,Construction,2,"7,407","7,060","162,215","1,320","2,783,382,297","161,443","162,809","162,393",193
2017,03,Hardin,Total All,23,Construction,2,106,102,"1,307","1,048","17,804,398","1,380","1,263","1,279",193
2017,03,Jefferson,Total All,23,Construction,2,445,428,"14,299","1,371","254,779,356","14,406","14,188","14,303",193
2017,03,Orange,Total All,23,Construction,2,123,120,"2,328","1,229","37,197,026","2,375","2,206","2,404",193
2017,03,Harris,Total All,23,Construction,2,"7,429","7,079","159,610","1,280","2,656,817,601","159,417","159,941","159,471",193
2017,04,Hardin,Total All,23,Construction,2,108,104,"1,299","1,256","21,206,614","1,314","1,259","1,323",193
2017,04,Harris,Total All,23,Construction,2,"7,529","7,159","162,014","1,472","3,100,674,660","163,518","162,174","160,349",193
2017,04,Orange,Total All,23,Construction,2,129,125,"2,423","1,224","38,562,457","2,415","2,474","2,380",193
2017,04,Jefferson,Total All,23,Construction,2,454,436,"14,882","1,491","288,427,510","15,034","14,801","14,811",193
2018,01,Hardin,Total All,23,Construction,2,109,105,"1,432","1,165","21,684,434","1,422","1,474","1,399",193
2018,01,Jefferson,Total All,23,Construction,2,454,432,"15,212","1,402","277,336,932","14,888","15,626","15,123",193
2018,01,Harris,Total All,23,Construction,2,"7,550","7,190","160,277","1,450","3,021,508,525","156,283","160,935","163,614",193
2018,01,Orange,Total All,23,Construction,2,135,131,"2,473","1,050","33,758,990","2,376","2,517","2,527",193
2018,02,Orange,Total All,23,Construction,2,135,131,"2,433","1,224","38,722,673","2,383","2,440","2,475",193
2018,02,Hardin,Total All,23,Construction,2,111,107,"1,529","1,102","21,918,585","1,540","1,535","1,513",193
2018,02,Jefferson,Total All,23,Construction,2,452,431,"15,234","1,389","275,008,592","15,172","15,250","15,279",193
2018,02,Harris,Total All,23,Construction,2,"7,621","7,249","164,882","1,351","2,896,080,236","164,469","165,155","165,023",193
2018,03,Jefferson,Total All,23,Construction,2,450,426,"14,755","1,380","264,656,203","14,570","14,772","14,923",193
2018,03,Harris,Total All,23,Construction,2,"7,631","7,263","164,475","1,341","2,867,296,935","163,600","165,027","164,799",193
2018,03,Orange,Total All,23,Construction,2,140,136,"2,656","1,171","40,434,132","2,614","2,648","2,705",193
2018,03,Hardin,Total All,23,Construction,2,109,104,"1,584","1,122","23,112,953","1,604","1,620","1,528",193
